GA-14725,OFF-BI-10004654,65203,2014-02-15,Second Class,51.9,3,0.0,24.393,CA-2014-168368
GA-14725,OFF-ST-10002583,65203,2014-02-15,Second Class,64.96,2,0.0,2.5984,CA-2014-168368
JL-15505,OFF-SU-10004661,57401,2017-11-14,Second Class,25.5,3,0.0,6.63,CA-2017-167976
SU-20665,FUR-CH-10003061,98103,2017-09-02,Same Day,215.976,3,0.2,-2.6997,CA-2017-111388
FM-14380,FUR-CH-10000513,48227,2015-10-13,Standard Class,389.97,3,0.0,35.0973,CA-2015-124499
FM-14380,OFF-AP-10002191,48227,2015-10-13,Standard Class,269.91,5,0.1,53.982,CA-2015-124499
MY-17380,OFF-BI-10000216,38109,2017-12-01,Standard Class,11.673,3,0.7,-7.782,US-2017-128118
MY-17380,OFF-EN-10003448,38109,2017-12-01,Standard Class,64.848,7,0.2,24.318,US-2017-128118
NM-18445,FUR-FU-10002111,89031,2014-02-09,First Class,14.56,2,0.0,5.5328,CA-2014-125759
CS-11950,FUR-CH-10001545,11520,2015-09-25,Same Day,102.582,1,0.1,6.8388,CA-2015-151869
CS-11950,OFF-PA-10002947,11520,2015-09-25,Same Day,20.04,3,0.0,9.6192,CA-2015-151869
PK-19075,OFF-BI-10003476,10035,2017-08-28,Standard Class,32.088,7,0.2,11.2308,US-2017-102183
PK-19075,OFF-BI-10001359,10035,2017-08-28,Standard Class,4305.552,6,0.2,1453.1238,US-2017-102183
HM-14860,FUR-FU-10000320,10024,2016-05-17,Standard Class,10.02,3,0.0,4.4088,CA-2016-100510
HM-14860,TEC-PH-10001835,10024,2016-05-17,Standard Class,631.96,4,0.0,303.3408,CA-2016-100510
AH-10210,OFF-BI-10003650,42420,2017-09-06,Standard Class,1577.94,3,0.0,757.4112,CA-2017-146983
FC-14335,OFF-AR-10000937,87105,2014-10-10,Same Day,255.85,7,0.0,112.574,US-2014-134054
CP-12085,OFF-ST-10000532,33445,2016-05-29,Second Class,184.704,6,0.2,13.8528,CA-2016-113236
CP-12085,TEC-AC-10001267,33445,2016-05-29,Second Class,47.92,2,0.2,11.98,CA-2016-113236
SC-20305,OFF-LA-10004853,19140,2017-12-05,Standard Class,15.936,4,0.2,5.1792,CA-2017-122539
SC-20305,OFF-BI-10001759,19140,2017-12-05,Standard Class,8.001,7,0.7,-5.6007,CA-2017-122539
SC-20305,FUR-CH-10003379,19140,2017-12-05,Standard Class,398.972,2,0.3,-28.498,CA-2017-122539
HJ-14875,FUR-BO-10002853,98105,2016-09-24,Standard Class,163.88,2,0.0,40.97,CA-2016-166772
CB-12025,OFF-AP-10000027,23223,2017-09-15,Standard Class,67.9,5,0.0,20.37,US-2017-152898
EH-14185,OFF-PA-10002421,33407,2017-01-04,Standard Class,72.224,4,0.2,25.2784,CA-2016-160486
LW-17215,OFF-LA-10002475,80525,2017-09-04,Second Class,11.696,2,0.2,3.9474,CA-2017-102218
MK-17905,FUR-CH-10001482,53132,2014-11-23,Standard Class,392.94,3,0.0,43.2234,CA-2014-161032
JH-15820,FUR-FU-10000087,28110,2015-11-24,First Class,18.176,1,0.2,4.7712,CA-2015-102778
DB-13270,OFF-BI-10003166,75081,2017-06-26,Standard Class,6.888,3,0.8,-11.0208,CA-2017-154011
DB-13270,FUR-TA-10000688,75081,2017-06-26,Standard Class,457.485,3,0.3,-84.9615,CA-2017-154011
TB-21625,FUR-CH-10003981,19134,2017-12-03,First Class,1079.316,6,0.3,-15.4188,US-2017-165456
NM-18445,OFF-PA-10001878,94109,2014-04-26,Second Class,48.91,1,0.0,22.9877,CA-2014-111857
TT-21220,OFF-AR-10002375,19901,2014-09-25,First Class,9.84,3,0.0,2.8536,CA-2014-163650
TT-21220,OFF-BI-10004965,19901,2014-09-25,First Class,34.5,3,0.0,15.525,CA-2014-163650
RS-19765,OFF-BI-10004022,76706,2017-03-02,Same Day,0.556,1,0.8,-0.9452,CA-2017-124114
TB-21625,OFF-BI-10000050,21740,2017-11-21,Second Class,43.8,6,0.0,20.586,US-2017-116505
AM-10360,OFF-PA-10002464,44105,2017-06-01,Standard Class,13.872,3,0.2,5.0286,CA-2017-161340
AM-10360,FUR-BO-10004709,44105,2017-06-01,Standard Class,115.96,4,0.5,-64.9376,CA-2017-161340
MP-17965,TEC-AC-10003590,78501,2015-04-22,Second Class,41.424,2,0.2,8.2848,US-2015-163433
MP-17965,TEC-PH-10003357,78501,2015-04-22,Second Class,244.768,4,0.2,24.4768,US-2015-163433
MP-17965,OFF-AR-10003373,78501,2015-04-22,Second Class,74.352,3,0.2,6.5058,US-2015-163433
MP-17965,OFF-BI-10003676,78501,2015-04-22,Second Class,4.312,2,0.8,-6.8992,US-2015-163433
MP-17965,FUR-CH-10000225,78501,2015-04-22,Second Class,56.686,1,0.3,-20.245,US-2015-163433
MP-17965,TEC-PH-10001870,78501,2015-04-22,Second Class,97.968,2,0.2,6.123,US-2015-163433
MP-17965,OFF-AR-10003481,78501,2015-04-22,Second Class,7.872,3,0.2,0.8856,US-2015-163433
MP-17965,OFF-PA-10003936,78501,2015-04-22,Second Class,15.552,3,0.2,5.4432,US-2015-163433
MP-17965,OFF-BI-10000320,78501,2015-04-22,Second Class,1.476,1,0.8,-2.2878,US-2015-163433
MH-17290,OFF-AR-10001972,87505,2015-09-24,Standard Class,8.4,5,0.0,2.184,CA-2015-137603
CA-12265,OFF-AR-10003829,94110,2014-03-30,Standard Class,6.56,2,0.0,1.9024,CA-2014-128237
CA-12265,OFF-AR-10003338,94110,2014-03-30,Standard Class,14.88,2,0.0,3.72,CA-2014-128237
CA-12265,TEC-AC-10002558,94110,2014-03-30,Standard Class,45.48,4,0.0,15.918,CA-2014-128237
CA-12265,OFF-AR-10000034,94110,2014-03-30,Standard Class,25.44,6,0.0,9.9216,CA-2014-128237
KD-16615,OFF-BI-10001510,10024,2016-08-31,Standard Class,146.688,8,0.2,45.84,US-2016-102141
DW-13540,OFF-LA-10000134,75220,2017-03-12,Standard Class,4.928,2,0.2,1.7248,CA-2017-148642
DW-13540,OFF-AR-10000588,75220,2017-03-12,Standard Class,63.488,4,0.2,4.7616,CA-2017-148642
AG-10495,OFF-ST-10003282,48234,2015-11-11,Same Day,418.32,7,0.0,117.1296,CA-2015-111948
AG-10495,OFF-AP-10002311,48234,2015-11-11,Same Day,123.858,2,0.1,46.7908,CA-2015-111948
JH-16180,TEC-PH-10000141,19140,2016-04-09,Standard Class,118.782,3,0.4,-27.7158,CA-2016-161907
JH-16180,OFF-SU-10000646,19140,2016-04-09,Standard Class,769.184,4,0.2,-163.4516,CA-2016-161907
DK-13090,TEC-AC-10002076,75007,2017-02-26,Standard Class,47.904,1,0.2,-2.994,CA-2017-124940
AR-10825,OFF-PA-10000743,10009,2017-07-25,Standard Class,13.36,2,0.0,6.4128,US-2017-108343
AR-10825,FUR-CH-10002780,10009,2017-07-25,Standard Class,163.764,2,0.1,25.4744,US-2017-108343
AR-10825,FUR-FU-10000747,10009,2017-07-25,Standard Class,183.92,4,0.0,31.2664,US-2017-108343
SM-20005,FUR-FU-10002445,77041,2016-11-08,Standard Class,11.376,3,0.6,-5.688,US-2016-111563
SM-20005,FUR-FU-10000723,77041,2016-11-08,Standard Class,66.112,4,0.6,-84.2928,US-2016-111563
DB-13660,OFF-PA-10003641,90036,2017-09-29,Standard Class,211.04,8,0.0,97.0784,CA-2017-121853
DB-13660,FUR-CH-10003973,90036,2017-09-29,Standard Class,594.816,2,0.2,59.4816,CA-2017-121853
DB-13660,OFF-BI-10000977,90036,2017-09-29,Standard Class,72.96,3,0.2,23.712,CA-2017-121853
PF-19225,FUR-FU-10004053,98026,2017-09-10,First Class,80.96,4,0.0,34.8128,US-2017-130687
PF-19225,TEC-PH-10002033,98026,2017-09-10,First Class,455.712,2,0.2,34.1784,US-2017-130687
PF-19225,OFF-AR-10004260,98026,2017-09-10,First Class,25.98,1,0.0,7.2744,US-2017-130687
AJ-10945,OFF-AP-10004655,94110,2015-11-30,First Class,45.28,4,0.0,15.3952,CA-2015-164497
EB-14110,OFF-EN-10001539,10035,2015-11-18,Standard Class,15.56,2,0.0,7.3132,US-2015-153283
ES-14080,TEC-PH-10001817,97477,2016-10-03,Standard Class,859.2,3,0.2,75.18,CA-2016-108056
SS-20410,OFF-AP-10002578,40324,2017-09-13,Second Class,195.68,4,0.0,50.8768,CA-2017-127726
SS-20410,OFF-FA-10000992,40324,2017-09-13,Second Class,14.2,4,0.0,6.674,CA-2017-127726
AG-10900,FUR-BO-10001798,33065,2017-05-02,First Class,314.352,3,0.2,-15.7176,CA-2017-110198
AG-10900,OFF-LA-10004409,33065,2017-05-02,First Class,4.608,2,0.2,1.4976,CA-2017-110198
CY-12745,OFF-FA-10000621,94110,2017-09-20,Standard Class,17.9,5,0.0,8.771,CA-2017-130715
RP-19270,OFF-BI-10003196,94110,2014-10-22,Second Class,2.992,1,0.2,1.122,CA-2014-155264
RP-19270,OFF-BI-10003727,94110,2014-10-22,Second Class,20.064,6,0.2,7.0224,CA-2014-155264
RP-19270,OFF-PA-10003228,94110,2014-10-22,Second Class,146.73,3,0.0,68.9631,CA-2014-155264
RP-19270,OFF-LA-10002787,94110,2014-10-22,Second Class,18.75,5,0.0,9.0,CA-2014-155264
RP-19270,TEC-PH-10001305,94110,2014-10-22,Second Class,117.576,3,0.2,11.7576,CA-2014-155264
DB-13360,OFF-BI-10001036,92503,2016-03-18,Standard Class,51.184,7,0.2,19.194,CA-2016-119123
CK-12325,FUR-TA-10001086,45373,2017-02-20,First Class,455.97,5,0.4,-106.393,CA-2017-109085
CK-12325,OFF-BI-10001525,45373,2017-02-20,First Class,5.715,5,0.7,-4.7625,CA-2017-109085
CK-12325,TEC-PH-10000526,45373,2017-02-20,First Class,57.594,1,0.4,-11.5188,CA-2017-109085
CK-12325,FUR-FU-10004973,45373,2017-02-20,First Class,30.144,2,0.2,8.2896,CA-2017-109085
CK-12325,FUR-CH-10003981,45373,2017-02-20,First Class,899.43,5,0.3,-12.849,CA-2017-109085
DN-13690,FUR-FU-10000277,92553,2016-12-28,Standard Class,842.72,8,0.0,202.2528,CA-2016-114860
DN-13690,FUR-FU-10001934,92553,2016-12-28,Standard Class,41.96,2,0.0,10.9096,CA-2016-114860
DP-13105,OFF-BI-10004970,98115,2016-09-27,Standard Class,13.216,4,0.2,4.4604,CA-2016-159009
DP-13105,FUR-CH-10003396,98115,2016-09-27,Standard Class,184.752,3,0.2,-20.7846,CA-2016-159009
RO-19780,FUR-CH-10003973,60623,2017-09-26,First Class,520.464,2,0.3,-14.8704,CA-2017-148411
RO-19780,OFF-PA-10002109,60623,2017-09-26,First Class,11.424,3,0.2,3.7128,CA-2017-148411
MA-17560,OFF-PA-10001826,49201,2015-12-05,Standard Class,19.44,3,0.0,9.3312,CA-2015-110324
MA-17560,OFF-AR-10000823,49201,2015-12-05,Standard Class,3.64,2,0.0,1.0192,CA-2015-110324
MA-17560,OFF-PA-10001776,49201,2015-12-05,Standard Class,18.54,2,0.0,8.7138,CA-2015-110324
JD-15895,OFF-BI-10003676,10024,2016-01-28,Second Class,43.12,5,0.2,15.092,CA-2016-168046
JD-15895,FUR-TA-10001095,10024,2016-01-28,Second Class,313.722,3,0.4,-99.3453,CA-2016-168046
JD-15895,FUR-FU-10000747,10024,2016-01-28,Second Class,45.98,1,0.0,7.8166,CA-2016-168046
JD-15895,OFF-ST-10004337,10024,2016-01-28,Second Class,428.68,7,0.0,0.0,CA-2016-168046
PS-18970,OFF-BI-10004410,98105,2017-03-25,Standard Class,30.576,6,0.2,10.3194,CA-2017-111591
PS-18970,OFF-FA-10004838,98105,2017-03-25,Standard Class,13.02,7,0.0,0.3906,CA-2017-111591
PS-18970,FUR-FU-10002364,98105,2017-03-25,Standard Class,22.14,3,0.0,6.4206,CA-2017-111591
PS-18970,OFF-ST-10001809,98105,2017-03-25,Standard Class,359.32,4,0.0,7.1864,CA-2017-111591
JF-15415,OFF-PA-10001846,63301,2014-08-25,First Class,11.56,2,0.0,5.6644,US-2014-166828
RD-19480,OFF-BI-10003876,11561,2014-06-13,Standard Class,68.48,2,0.2,25.68,CA-2014-108147
RD-19480,OFF-ST-10003470,11561,2014-06-13,Standard Class,1676.88,6,0.0,83.844,CA-2014-108147
ES-14080,OFF-PA-10004243,8701,2016-04-09,First Class,37.94,2,0.0,18.2112,CA-2016-154998
KN-16390,FUR-CH-10000422,20735,2017-11-09,Second Class,272.97,3,0.0,43.6752,CA-2017-113460
VP-21760,FUR-FU-10002506,43229,2015-05-31,First Class,41.568,4,0.2,-4.1568,CA-2015-111339
VP-21760,FUR-CH-10000863,43229,2015-05-31,First Class,317.058,3,0.3,-86.0586,CA-2015-111339
VP-21760,OFF-FA-10002988,43229,2015-05-31,First Class,8.04,5,0.2,2.9145,CA-2015-111339
CS-11950,TEC-PH-10003437,91104,2017-05-11,Standard Class,419.944,7,0.2,52.493,CA-2017-102820
KB-16600,OFF-SU-10002537,98105,2016-06-09,Standard Class,61.38,6,0.0,15.9588,CA-2016-149671
AJ-10945,TEC-AC-10003063,90045,2015-12-19,Second Class,50.0,2,0.0,10.5,CA-2015-126347
PO-18865,TEC-AC-10003237,7017,2017-12-29,Standard Class,31.8,3,0.0,13.674,CA-2017-108756
DP-13105,OFF-ST-10001031,54703,2017-12-21,Standard Class,32.56,2,0.0,8.4656,CA-2017-155362
GM-14500,OFF-EN-10001535,60610,2016-05-15,Standard Class,7.072,2,0.2,2.3868,CA-2016-117625
CC-12670,OFF-PA-10001295,33614,2014-12-27,Second Class,45.528,3,0.2,15.9348,CA-2014-154158
CC-12670,FUR-CH-10004698,33614,2014-12-27,Second Class,64.784,1,0.2,6.4784,CA-2014-154158
CC-12670,OFF-ST-10000078,33614,2014-12-27,Second Class,424.272,2,0.2,-10.6068,CA-2014-154158
CC-12670,OFF-AR-10001868,33614,2014-12-27,Second Class,1.344,1,0.2,0.504,CA-2014-154158
CC-12670,OFF-ST-10004950,33614,2014-12-27,Second Class,83.92,5,0.2,-1.049,CA-2014-154158
SJ-20125,OFF-PA-10003441,10009,2017-08-16,Standard Class,25.92,4,0.0,12.4416,CA-2017-100433
SF-20200,FUR-FU-10004973,85204,2017-08-31,Standard Class,120.576,8,0.2,33.1584,CA-2017-163097
RM-19375,OFF-PA-10000157,5408,2017-01-23,Standard Class,79.92,4,0.0,37.5624,US-2017-127292
RM-19375,OFF-PA-10001970,5408,2017-01-23,Standard Class,12.28,1,0.0,5.7716,US-2017-127292
RM-19375,OFF-AP-10000828,5408,2017-01-23,Standard Class,542.94,3,0.0,152.0232,US-2017-127292
RM-19375,OFF-EN-10001509,5408,2017-01-23,Standard Class,2.04,1,0.0,0.9588,US-2017-127292
KM-16375,OFF-ST-10003692,77070,2015-06-24,Standard Class,228.92,5,0.2,14.3075,CA-2015-163734
FH-14275,TEC-PH-10004700,60505,2017-03-16,First Class,7.992,1,0.2,2.5974,CA-2017-162474
DG-13300,FUR-CH-10000422,80219,2015-10-25,Same Day,582.336,8,0.2,-29.1168,CA-2015-130848
MW-18220,TEC-PH-10003484,10011,2014-09-23,First Class,629.95,5,0.0,157.4875,CA-2014-125997
MW-18220,FUR-CH-10001394,10011,2014-09-23,First Class,631.782,2,0.1,140.396,CA-2014-125997
MW-18220,FUR-BO-10002213,10011,2014-09-23,First Class,801.568,2,0.2,-10.0196,CA-2014-125997
MW-18220,OFF-LA-10002762,10011,2014-09-23,First Class,75.18,6,0.0,35.3346,CA-2014-125997
MW-18220,OFF-AP-10003842,10011,2014-09-23,First Class,30.98,1,0.0,8.0548,CA-2014-125997
MW-18220,TEC-PH-10003072,10011,2014-09-23,First Class,1349.91,9,0.0,661.4559,CA-2014-125997
SC-20845,OFF-AR-10003394,60004,2016-11-15,Standard Class,14.112,6,0.2,1.2348,CA-2016-103128
BD-11500,OFF-EN-10001539,23602,2015-09-21,Standard Class,31.12,4,0.0,14.6264,CA-2015-167696
LP-17080,FUR-FU-10001731,85705,2014-06-28,Standard Class,4.272,2,0.2,0.9612,CA-2014-159814
NP-18700,FUR-TA-10001095,10024,2016-08-17,Second Class,209.148,2,0.4,-66.2302,CA-2016-105459
NP-18700,OFF-ST-10000078,10024,2016-08-17,Second Class,1591.02,6,0.0,286.3836,CA-2016-105459
DP-13105,OFF-FA-10004076,19134,2017-04-17,Standard Class,7.92,5,0.2,1.683,CA-2017-141663
RB-19465,TEC-MA-10003626,60653,2014-03-17,First Class,574.91,2,0.3,156.047,CA-2014-152618
RB-19465,OFF-PA-10001215,60653,2014-03-17,First Class,8.448,2,0.2,2.64,CA-2014-152618
LC-17140,TEC-AC-10002842,10035,2017-09-24,Second Class,1071.0,9,0.0,171.36,CA-2017-162789
LC-17140,FUR-FU-10004864,10035,2017-09-24,Second Class,12.07,1,0.0,3.9831,CA-2017-162789
WB-21850,OFF-BI-10000014,19143,2017-12-13,First Class,3.273,1,0.7,-2.5093,US-2017-110149
WB-21850,FUR-FU-10001475,19143,2017-12-13,First Class,87.92,5,0.2,15.386,US-2017-110149
MH-17785,OFF-ST-10001272,85301,2016-03-14,Second Class,104.696,1,0.2,6.5435,CA-2016-108959
SC-20305,FUR-CH-10002024,90036,2015-01-29,First Class,2803.92,5,0.2,0.0,CA-2015-164777
MH-17620,OFF-BI-10004001,77041,2016-09-27,First Class,6.816,2,0.8,-11.5872,CA-2016-132017
JC-15775,TEC-PH-10004094,98115,2015-10-22,Standard Class,249.584,2,0.2,15.599,CA-2015-127824
JC-15775,OFF-PA-10001184,98115,2015-10-22,Standard Class,17.94,3,0.0,8.7906,CA-2015-127824
JC-15775,FUR-FU-10002505,98115,2015-10-22,Standard Class,10.11,3,0.0,3.2352,CA-2015-127824
RD-19810,OFF-PA-10001166,28314,2014-11-01,Standard Class,10.368,2,0.2,3.6288,CA-2014-148285
RD-19810,OFF-PA-10000349,28314,2014-11-01,Standard Class,11.952,3,0.2,4.0338,CA-2014-148285
SC-20695,OFF-AP-10004708,77041,2017-10-04,Second Class,15.224,2,0.8,-38.8212,CA-2017-152926
SC-20695,OFF-AP-10001947,77041,2017-10-04,Second Class,21.984,6,0.8,-56.0592,CA-2017-152926
NC-18535,TEC-PH-10000441,94122,2014-07-27,Standard Class,604.752,6,0.2,60.4752,CA-2014-145254
NC-18535,OFF-SU-10004664,94122,2014-07-27,Standard Class,40.7,5,0.0,11.803,CA-2014-145254
NC-18535,TEC-PH-10004531,94122,2014-07-27,Standard Class,302.376,3,0.2,37.797,CA-2014-145254
NC-18535,TEC-AC-10002167,94122,2014-07-27,Standard Class,45.0,3,0.0,4.95,CA-2014-145254
LW-17215,FUR-CH-10002024,10035,2014-09-17,Second Class,3785.292,6,0.1,420.588,CA-2014-116246
AH-10585,OFF-AR-10002445,98105,2016-09-20,Standard Class,35.4,5,0.0,13.452,CA-2016-160479
JO-15145,FUR-FU-10003268,14215,2014-12-01,Standard Class,199.9,5,0.0,39.98,CA-2014-167486
VW-21775,FUR-CH-10000015,77340,2014-05-16,Standard Class,1212.96,8,0.3,-69.312,CA-2014-152100
BP-11185,TEC-PH-10004165,75081,2015-09-01,Standard Class,1099.96,5,0.2,82.497,CA-2015-166219
BP-11185,FUR-TA-10004607,75081,2015-09-01,Standard Class,103.481,1,0.3,-16.2613,CA-2015-166219
PP-18955,OFF-LA-10004677,19134,2015-06-19,Same Day,5.904,2,0.2,1.9926,CA-2015-111864
SC-20725,TEC-AC-10002217,85345,2015-08-23,Standard Class,30.08,2,0.2,-5.264,CA-2015-119627
SC-20725,OFF-PA-10001937,85345,2015-08-23,Standard Class,36.288,7,0.2,12.7008,CA-2015-119627
SC-20725,OFF-AR-10000203,85345,2015-08-23,Standard Class,10.272,3,0.2,1.1556,CA-2015-119627
SC-20725,TEC-AC-10001142,85345,2015-08-23,Standard Class,252.8,4,0.2,-31.6,CA-2015-119627
BM-11785,OFF-BI-10003712,19143,2015-09-25,Same Day,2.946,2,0.7,-2.0622,CA-2015-160787
CD-11920,OFF-PA-10000520,92054,2017-05-31,Standard Class,12.96,2,0.0,6.2208,CA-2017-107853
GM-14680,TEC-PH-10001079,19134,2017-08-05,Standard Class,285.576,4,0.4,-57.1152,CA-2017-126144
BP-11050,OFF-SU-10000898,60623,2014-10-17,Standard Class,22.24,2,0.2,2.502,US-2014-154655
BW-11065,OFF-PA-10001471,10035,2014-05-29,Standard Class,14.62,2,0.0,6.7252,CA-2014-100391
RE-19405,OFF-AP-10003281,44240,2014-12-31,Second Class,48.36,5,0.2,6.045,CA-2014-165477
HR-14770,OFF-AR-10003156,32216,2017-04-11,Standard Class,16.256,2,0.2,1.2192,CA-2017-165904
HR-14770,TEC-PH-10000576,32216,2017-04-11,Standard Class,219.184,2,0.2,19.1786,CA-2017-165904
TP-21565,TEC-PH-10003215,75019,2015-03-02,First Class,95.84,4,0.2,34.742,CA-2015-104052
KB-16315,OFF-LA-10004484,46203,2015-06-03,Standard Class,12.39,3,0.0,5.6994,CA-2015-168277
AC-10660,OFF-PA-10002245,46226,2016-09-28,Standard Class,35.88,6,0.0,16.146,CA-2016-158617
DN-13690,FUR-FU-10003664,74133,2017-06-03,Standard Class,477.3,5,0.0,138.417,CA-2017-136882
CC-12430,OFF-LA-10002195,98052,2016-09-23,Standard Class,12.32,4,0.0,5.9136,US-2016-148957
TS-21340,OFF-BI-10000822,94109,2014-09-13,Standard Class,8.608,2,0.2,3.0128,CA-2014-140032
MO-17800,OFF-ST-10004963,99207,2017-06-07,Standard Class,136.26,9,0.0,5.4504,CA-2017-145506
RP-19855,OFF-AP-10002495,90032,2015-10-05,Standard Class,186.15,3,0.0,55.845,CA-2015-129546
RP-19855,OFF-BI-10004001,90032,2015-10-05,Standard Class,81.792,6,0.2,26.5824,CA-2015-129546
RP-19855,OFF-SU-10004884,90032,2015-10-05,Standard Class,47.19,3,0.0,13.6851,CA-2015-129546
RP-19855,TEC-PH-10003555,90032,2015-10-05,Standard Class,36.784,2,0.2,-8.2764,CA-2015-129546
JL-15175,TEC-MA-10003493,37421,2016-06-19,Second Class,91.475,1,0.5,-1.8295,CA-2016-140977
BW-11110,TEC-AC-10002380,27405,2017-06-03,Standard Class,27.192,3,0.2,0.3399,CA-2017-151855
BW-11110,OFF-BI-10004209,27405,2017-06-03,Standard Class,12.06,5,0.7,-10.05,CA-2017-151855
SJ-20500,OFF-AR-10002135,94122,2014-10-14,Standard Class,144.6,3,0.0,41.934,CA-2014-138240
SJ-20500,TEC-PH-10002583,94122,2014-10-14,Standard Class,15.992,1,0.2,-2.9985,CA-2014-138240
FG-14260,OFF-PA-10003591,10024,2014-11-22,Second Class,34.44,3,0.0,17.22,CA-2014-101833
EH-14125,TEC-PH-10004922,90712,2014-10-24,Standard Class,321.552,6,0.2,20.097,CA-2014-100867
BS-11590,FUR-CH-10001854,40214,2017-11-30,Second Class,701.96,2,0.0,168.4704,US-2017-109610
JS-16030,OFF-AR-10003560,43229,2014-03-03,First Class,19.456,4,0.2,3.4048,CA-2014-156545
JC-15775,OFF-LA-10004409,19711,2014-12-25,Standard Class,17.28,6,0.0,7.9488,CA-2014-109127
JM-15265,FUR-FU-10000448,98115,2016-11-23,Standard Class,31.96,2,0.0,1.598,CA-2016-126858
CD-12280,OFF-BI-10002735,10024,2017-11-10,Second Class,164.688,6,0.2,55.5822,CA-2017-102925
CD-12280,FUR-TA-10003469,10024,2017-11-10,Second Class,166.5,2,0.4,-66.6,CA-2017-102925
CD-12280,OFF-PA-10001870,10024,2017-11-10,Second Class,12.96,2,0.0,6.2208,CA-2017-102925
CD-12280,OFF-PA-10004071,10024,2017-11-10,Second Class,110.96,2,0.0,53.2608,CA-2017-102925
CD-12280,TEC-PH-10001448,10024,2017-11-10,Second Class,99.98,2,0.0,3.9992,CA-2017-102925
CD-12280,OFF-BI-10002706,10024,2017-11-10,Second Class,11.424,1,0.2,3.7128,CA-2017-102925
CD-12280,FUR-CH-10004875,10024,2017-11-10,Second Class,128.124,2,0.1,24.2012,CA-2017-102925
CD-12280,FUR-FU-10004245,10024,2017-11-10,Second Class,101.4,5,0.0,38.532,CA-2017-102925
JM-15265,OFF-LA-10000443,60653,2015-06-05,Second Class,5.904,2,0.2,1.9926,CA-2015-100818
JM-15265,OFF-PA-10001125,60653,2015-06-05,Second Class,173.488,7,0.2,54.215,CA-2015-100818
JM-15265,FUR-FU-10002703,60653,2015-06-05,Second Class,51.56,2,0.6,-61.872,CA-2015-100818
JM-15265,OFF-BI-10004364,60653,2015-06-05,Second Class,3.564,3,0.8,-6.237,CA-2015-100818
SS-20410,OFF-FA-10000936,60543,2014-09-14,Standard Class,13.16,5,0.2,4.1125,CA-2014-126193
SS-20410,OFF-BI-10001249,60543,2014-09-14,Standard Class,3.828,3,0.8,-6.5076,CA-2014-126193
SS-20410,OFF-BI-10004632,60543,2014-09-14,Standard Class,304.99,5,0.8,-533.7325,CA-2014-126193
HG-14845,OFF-ST-10000615,75220,2017-11-12,Standard Class,18.16,2,0.2,1.816,CA-2017-150504
BC-11125,TEC-AC-10001838,19134,2015-06-24,Second Class,319.984,2,0.2,91.9954,CA-2015-158351
AB-10255,OFF-AR-10004757,90008,2014-07-28,Standard Class,19.68,6,0.0,6.4944,CA-2014-122679
MY-18295,FUR-BO-10003893,77036,2016-12-04,Second Class,781.864,10,0.32,-137.976,CA-2016-164770
MY-18295,OFF-PA-10003893,77036,2016-12-04,Second Class,30.816,9,0.2,9.63,CA-2016-164770
NF-18385,FUR-TA-10001932,26003,2017-10-12,Same Day,673.344,3,0.3,-76.9536,CA-2017-130505
NB-18655,OFF-FA-10001561,7501,2017-12-13,First Class,6.54,3,0.0,2.1582,US-2017-125213
EM-13960,TEC-PH-10001817,97206,2015-10-04,First Class,572.8,2,0.2,50.12,CA-2015-156566
MF-17665,OFF-AR-10000538,35810,2016-08-11,Standard Class,197.05,7,0.0,59.115,US-2016-102232
CM-12385,OFF-BI-10004584,94110,2017-01-07,Standard Class,2022.272,8,0.2,682.5168,CA-2017-111738
CM-12385,OFF-AR-10000817,94110,2017-01-07,Standard Class,9.12,3,0.0,3.1008,CA-2017-111738
EC-14050,OFF-BI-10000756,73120,2017-11-07,Same Day,38.16,9,0.0,19.08,CA-2017-163188
BO-11350,FUR-TA-10000617,74012,2016-01-08,Standard Class,1592.85,7,0.0,350.427,CA-2016-105207
BO-11350,OFF-BI-10004364,74012,2016-01-08,Standard Class,11.88,2,0.0,5.346,CA-2016-105207
VM-21835,TEC-AC-10004518,92691,2016-05-16,Standard Class,120.0,6,0.0,46.8,US-2016-123610
VM-21835,OFF-AP-10002222,92691,2016-05-16,Standard Class,8.67,1,0.0,2.3409,US-2016-123610
AB-10060,OFF-PA-10002615,46142,2017-11-07,First Class,4.41,1,0.0,2.0286,CA-2017-118213
AB-10060,OFF-PA-10000565,46142,2017-11-07,First Class,167.94,3,0.0,82.2906,CA-2017-118213
AB-10060,OFF-PA-10003673,46142,2017-11-07,First Class,67.8,10,0.0,31.188,CA-2017-118213
CM-12235,FUR-FU-10002088,53209,2016-05-30,Standard Class,26.94,3,0.0,11.3148,CA-2016-149237
KW-16570,FUR-FU-10001546,94109,2015-11-24,Standard Class,32.04,3,0.0,8.01,US-2015-158589
MM-17920,OFF-AR-10000614,13440,2016-04-29,Standard Class,32.13,9,0.0,8.3538,CA-2016-101329
MM-17920,OFF-AR-10003190,13440,2016-04-29,Standard Class,2.88,1,0.0,0.8064,CA-2016-101329
PW-19030,TEC-PH-10004094,10009,2016-10-18,Standard Class,1091.93,7,0.0,272.9825,CA-2016-113607
PW-19030,OFF-PA-10001970,10009,2016-10-18,Standard Class,111.96,2,0.0,54.8604,CA-2016-113607
RD-19900,OFF-AR-10002952,48127,2014-04-07,Second Class,26.7,2,0.0,7.476,CA-2014-149104
RD-19900,OFF-BI-10004209,48127,2014-04-07,Second Class,40.2,5,0.0,18.09,CA-2014-149104
RD-19900,OFF-AR-10004685,48127,2014-04-07,Second Class,13.89,3,0.0,4.5837,CA-2014-149104
RD-19900,OFF-ST-10000991,48127,2014-04-07,Second Class,689.82,6,0.0,20.6946,CA-2014-149104
LM-17065,OFF-AR-10002399,10024,2016-08-11,Standard Class,38.34,9,0.0,15.7194,CA-2016-105263
CS-11845,OFF-BI-10002353,60623,2014-12-16,First Class,9.264,3,0.8,-13.896,CA-2014-130575
KT-16480,FUR-BO-10001811,75217,2017-06-03,Second Class,204.6664,1,0.32,-6.0196,CA-2017-142461
BE-11410,TEC-AC-10003033,54915,2016-10-19,Standard Class,1649.75,5,0.0,544.4175,CA-2016-125220
NF-18475,OFF-PA-10000176,32216,2014-03-18,Standard Class,91.056,6,0.2,31.8696,CA-2014-100293
DL-13315,OFF-AR-10003631,60653,2014-02-24,Standard Class,54.208,14,0.2,8.8088,CA-2014-154165
MS-17710,TEC-PH-10000923,43402,2015-08-26,Second Class,26.982,3,0.4,4.0473,CA-2015-123939
MS-17710,OFF-LA-10003190,43402,2015-08-26,Second Class,6.912,3,0.2,2.5056,CA-2015-123939
MS-17710,OFF-ST-10003208,43402,2015-08-26,Second Class,435.504,3,0.2,48.9942,CA-2015-123939
MM-18055,OFF-AP-10000692,94110,2017-05-12,Second Class,81.08,4,0.0,22.7024,US-2017-104451
JB-15400,OFF-ST-10004180,90049,2016-02-09,Standard Class,93.02,2,0.0,3.7208,CA-2016-101189
SG-20605,TEC-PH-10002817,60623,2014-12-25,Standard Class,323.976,3,0.2,36.4473,CA-2014-169446
SG-20605,OFF-PA-10000295,60623,2014-12-25,Standard Class,15.552,3,0.2,5.4432,CA-2014-169446
SG-20605,OFF-ST-10000419,60623,2014-12-25,Standard Class,32.592,3,0.2,-7.7406,CA-2014-169446
PB-18805,OFF-BI-10001524,98115,2017-12-06,First Class,83.92,5,0.2,29.372,CA-2017-156958
PB-18805,FUR-FU-10003268,98115,2017-12-06,First Class,199.9,5,0.0,39.98,CA-2017-156958
PB-18805,TEC-PH-10000148,98115,2017-12-06,First Class,31.176,3,0.2,-7.0146,CA-2017-156958
PB-18805,OFF-BI-10001543,98115,2017-12-06,First Class,172.752,6,0.2,60.4632,CA-2017-156958
PB-18805,OFF-BI-10002071,98115,2017-12-06,First Class,9.296,2,0.2,3.0212,CA-2017-156958
AC-10615,OFF-ST-10002352,77705,2017-03-25,Same Day,12.768,2,0.2,0.9576,CA-2017-101637
MR-17545,OFF-PA-10003127,98103,2017-07-12,Standard Class,52.76,2,0.0,24.2696,CA-2017-111759
BF-11215,OFF-ST-10000464,75217,2017-10-31,Standard Class,55.616,2,0.2,5.5616,CA-2017-102729
BW-11200,FUR-CH-10000553,10011,2016-10-31,Standard Class,427.644,14,0.1,80.7772,CA-2016-116596
BW-11200,OFF-FA-10000134,10011,2016-10-31,Standard Class,40.67,7,0.0,12.6077,CA-2016-116596
BW-11200,OFF-ST-10000636,10011,2016-10-31,Standard Class,33.48,2,0.0,1.3392,CA-2016-116596
BW-11200,OFF-BI-10002949,10011,2016-10-31,Standard Class,9.728,2,0.2,3.2832,CA-2016-116596
TS-21610,FUR-FU-10002364,60610,2017-06-14,Second Class,8.856,3,0.6,-6.8634,CA-2017-124191
AS-10045,FUR-BO-10002613,94110,2016-09-27,First Class,477.666,2,0.15,84.294,CA-2016-148747
AA-10375,OFF-PA-10002659,2908,2017-09-09,First Class,16.9,5,0.0,7.774,US-2017-169488
AA-10375,OFF-PA-10000157,2908,2017-09-09,First Class,39.96,2,0.0,18.7812,US-2017-169488
PS-18970,FUR-CH-10004540,85023,2015-05-16,Second Class,191.968,7,0.2,16.7972,CA-2015-135727
RP-19270,OFF-LA-10004544,77095,2015-08-10,Standard Class,35.52,3,0.2,13.32,CA-2015-135251
RP-19270,OFF-BI-10001097,77095,2015-08-10,Standard Class,6.23,5,0.8,-9.6565,CA-2015-135251
RP-19270,OFF-PA-10003302,77095,2015-08-10,Standard Class,56.704,2,0.2,19.1376,CA-2015-135251
RP-19270,FUR-BO-10003965,77095,2015-08-10,Standard Class,369.1992,3,0.32,-114.0174,CA-2015-135251
NC-18625,TEC-AC-10003433,47201,2014-11-02,Standard Class,1.98,2,0.0,0.891,CA-2014-166590
NC-18625,OFF-PA-10000482,47201,2014-11-02,Standard Class,75.88,2,0.0,35.6636,CA-2014-166590
SC-20770,OFF-PA-10004610,19134,2016-06-20,Second Class,6.848,2,0.2,2.14,CA-2016-131744
SC-20770,OFF-BI-10003910,19134,2016-06-20,Second Class,4.626,2,0.7,-3.855,CA-2016-131744
SC-20770,OFF-AP-10001394,19134,2016-06-20,Second Class,453.6,3,0.2,90.72,CA-2016-131744
NF-18595,OFF-BI-10004654,95123,2015-05-06,First Class,13.848,3,0.2,5.193,CA-2015-160864
SC-20020,OFF-ST-10001526,19140,2015-11-14,Standard Class,577.584,6,0.2,43.3188,CA-2015-147690
BD-11560,TEC-AC-10000358,22153,2015-06-03,Standard Class,151.96,4,0.0,36.4704,CA-2015-163923
SM-20950,FUR-FU-10000246,80020,2016-09-27,Standard Class,68.432,7,0.2,8.554,CA-2016-125724
EB-14110,FUR-FU-10003799,43229,2015-12-02,Standard Class,71.12,5,0.2,9.779,CA-2015-111612
EB-14110,OFF-FA-10003021,43229,2015-12-02,Standard Class,3.008,2,0.2,0.564,CA-2015-111612
HP-14815,OFF-PA-10003656,3301,2015-12-05,Second Class,184.66,7,0.0,84.9436,CA-2015-156853
EB-14170,FUR-FU-10004586,77095,2014-10-19,Second Class,5.312,2,0.6,-1.5936,CA-2014-103086
SM-20905,TEC-AC-10003832,43055,2016-05-05,First Class,132.52,5,0.2,34.7865,CA-2016-129280
SM-20905,OFF-ST-10002554,43055,2016-05-05,First Class,195.64,5,0.2,-44.019,CA-2016-129280
SM-20905,FUR-FU-10001876,43055,2016-05-05,First Class,51.968,2,0.2,10.3936,CA-2016-129280
SM-20905,TEC-AC-10002637,43055,2016-05-05,First Class,431.976,3,0.2,-75.5958,CA-2016-129280
SM-20905,TEC-MA-10003589,43055,2016-05-05,First Class,224.937,3,0.7,-164.9538,CA-2016-129280
SM-20905,OFF-LA-10000081,43055,2016-05-05,First Class,6.0,2,0.2,2.1,CA-2016-129280
CG-12040,OFF-PA-10001838,90045,2015-06-08,Standard Class,11.76,2,0.0,5.7624,CA-2015-161242
TG-21640,FUR-CH-10002965,33614,2014-03-31,Same Day,1125.488,7,0.2,98.4802,CA-2014-130428
TG-21640,OFF-BI-10001636,33614,2014-03-31,Same Day,12.645,5,0.7,-10.116,CA-2014-130428
TG-21640,OFF-AR-10004027,33614,2014-03-31,Same Day,4.032,2,0.2,1.0584,CA-2014-130428
DK-12835,TEC-PH-10002293,68025,2017-07-07,First Class,79.96,4,0.0,22.3888,CA-2017-104388
MB-17305,OFF-BI-10003196,43229,2015-09-24,Same Day,6.732,6,0.7,-4.488,CA-2015-113131
MB-17305,OFF-ST-10001172,43229,2015-09-24,Same Day,33.568,2,0.2,1.6784,CA-2015-113131
MB-17305,OFF-EN-10003068,43229,2015-09-24,Same Day,15.84,2,0.2,5.544,CA-2015-113131
MB-17305,OFF-LA-10003510,43229,2015-09-24,Same Day,24.424,1,0.2,7.9378,CA-2015-113131
MB-17305,OFF-AR-10003504,43229,2015-09-24,Same Day,17.12,5,0.2,1.926,CA-2015-113131
SF-20065,FUR-FU-10001889,91767,2015-08-13,Same Day,31.56,3,0.0,10.4148,CA-2015-148495
PS-18760,FUR-CH-10000863,78207,2015-05-28,Second Class,105.686,1,0.3,-28.6862,CA-2015-143147
PS-18760,TEC-MA-10004679,78207,2015-05-28,Second Class,399.54,2,0.4,-79.908,CA-2015-143147
PS-18760,FUR-CH-10004754,78207,2015-05-28,Second Class,104.93,5,0.3,-4.497,CA-2015-143147
RB-19705,TEC-PH-10004586,10035,2017-09-16,First Class,1079.85,3,0.0,323.955,CA-2017-152975
RB-19705,OFF-ST-10001370,10035,2017-09-16,First Class,70.98,1,0.0,3.549,CA-2017-152975
RB-19705,OFF-AR-10001988,10035,2017-09-16,First Class,29.95,5,0.0,8.6855,CA-2017-152975
RB-19705,FUR-CH-10003298,10035,2017-09-16,First Class,589.41,5,0.1,-6.549,CA-2017-152975
RS-19870,OFF-FA-10002988,19120,2016-06-11,Standard Class,9.648,6,0.2,3.4974,CA-2016-107475
SB-20185,FUR-BO-10002213,10024,2017-06-27,Second Class,400.784,1,0.2,-5.0098,CA-2017-116127
HJ-14875,OFF-ST-10000344,48234,2017-08-27,First Class,53.72,4,0.0,13.9672,CA-2017-132584
SV-20815,OFF-PA-10002319,33142,2016-08-28,First Class,31.008,1,0.2,11.2404,CA-2016-160598
BE-11410,OFF-BI-10002437,94521,2016-11-18,Same Day,61.12,5,0.2,22.156,CA-2016-108630
BM-11575,OFF-ST-10001418,60653,2017-04-22,Standard Class,195.136,4,0.2,-43.9056,US-2017-129203
AZ-10750,OFF-AR-10000380,60090,2017-07-28,Standard Class,121.536,4,0.2,15.192,CA-2017-110940
HD-14785,OFF-PA-10003036,60610,2014-05-15,Standard Class,17.472,3,0.2,5.6784,CA-2014-119172
HD-14785,OFF-BI-10002026,60610,2014-05-15,Standard Class,104.58,9,0.8,-172.557,CA-2014-119172
BF-11005,FUR-FU-10003691,77506,2016-08-01,Standard Class,24.7,5,0.6,-9.88,US-2016-105452
BF-11005,FUR-FU-10003806,77506,2016-08-01,Standard Class,302.72,5,0.6,-378.4,US-2016-105452
HZ-14950,OFF-PA-10002741,10024,2017-09-19,Standard Class,8.56,2,0.0,3.852,CA-2017-108931
HZ-14950,OFF-PA-10003845,10024,2017-09-19,Standard Class,11.56,2,0.0,5.6644,CA-2017-108931
KD-16495,OFF-AP-10001492,95123,2017-01-29,Standard Class,25.86,3,0.0,6.7236,CA-2017-104619
KD-16495,OFF-BI-10004318,95123,2017-01-29,Standard Class,276.784,2,0.2,89.9548,CA-2017-104619
KD-16495,TEC-PH-10000193,95123,2017-01-29,Standard Class,110.352,3,0.2,8.2764,CA-2017-104619
FC-14245,FUR-FU-10003464,95823,2015-09-23,Standard Class,60.84,3,0.0,19.4688,CA-2015-149517
TP-21130,OFF-AP-10002403,97477,2015-04-18,Standard Class,35.208,1,0.2,2.6406,CA-2015-116841
EB-13705,OFF-PA-10003848,76063,2017-05-11,Second Class,41.472,8,0.2,14.5152,CA-2017-107797
JP-15520,OFF-PA-10001357,72401,2016-09-09,Standard Class,239.5,5,0.0,114.96,CA-2016-117604
TD-20995,OFF-SU-10004737,23464,2014-05-22,First Class,34.2,5,0.0,9.234,CA-2014-130155
DM-13345,FUR-TA-10003715,14609,2016-06-23,Standard Class,376.866,3,0.4,-213.5574,CA-2016-129861
EG-13900,OFF-AP-10003099,23320,2015-11-05,First Class,197.72,4,0.0,55.3616,CA-2015-138625
HG-14965,TEC-AC-10002323,43130,2017-11-09,Standard Class,70.72,4,0.2,-6.188,US-2017-122672
HG-14965,OFF-ST-10002344,43130,2017-11-09,Standard Class,194.352,3,0.2,-43.7292,US-2017-122672
BF-11080,OFF-PA-10000007,10024,2017-12-08,Second Class,21.6,6,0.0,9.936,CA-2017-117128
BF-11080,OFF-LA-10000248,10024,2017-12-08,Second Class,11.07,3,0.0,5.2029,CA-2017-117128
SC-20095,FUR-FU-10002116,90045,2016-05-19,Second Class,282.84,4,0.0,19.7988,CA-2016-130638
SC-20095,OFF-LA-10002195,90045,2016-05-19,Second Class,27.72,9,0.0,13.3056,CA-2016-130638
CS-11950,OFF-FA-10000735,39212,2017-10-30,Standard Class,11.68,4,0.0,5.256,CA-2017-144365
BD-11320,TEC-PH-10001299,95695,2016-09-22,Standard Class,239.984,2,0.2,23.9984,CA-2016-110086
MZ-17515,OFF-AP-10002892,98115,2014-11-13,First Class,22.98,1,0.0,6.894,CA-2014-128524
MZ-17515,TEC-AC-10002718,98115,2014-11-13,First Class,102.13,7,0.0,15.3195,CA-2014-128524
MZ-17515,OFF-BI-10003527,98115,2014-11-13,First Class,2033.584,2,0.2,762.594,CA-2014-128524
PW-19030,OFF-AR-10002255,90049,2016-08-29,Standard Class,5.76,2,0.0,1.6704,CA-2016-140256
BS-11380,TEC-CO-10002095,43402,2017-11-21,Standard Class,899.982,3,0.4,74.9985,CA-2017-160633
BS-11380,OFF-AR-10004022,43402,2017-11-21,Standard Class,86.352,3,0.2,5.397,CA-2017-160633
BS-11380,TEC-AC-10002335,43402,2017-11-21,Standard Class,139.96,5,0.2,-1.7495,CA-2017-160633
DA-13450,OFF-AP-10001634,43130,2014-09-30,Standard Class,16.704,6,0.2,1.2528,CA-2014-115133
DA-13450,TEC-AC-10002370,43130,2014-09-30,Standard Class,3.152,2,0.2,0.4728,CA-2014-115133
DA-13450,OFF-PA-10000174,43130,2014-09-30,Standard Class,32.896,4,0.2,11.1024,CA-2014-115133
ME-17725,OFF-AP-10000240,75220,2017-06-30,First Class,21.392,2,0.8,-54.5496,CA-2017-137449
ME-17725,FUR-TA-10002855,75220,2017-06-30,First Class,307.314,3,0.3,-39.5118,CA-2017-137449
ME-17725,FUR-BO-10000780,75220,2017-06-30,First Class,409.9992,3,0.32,-96.4704,CA-2017-137449
MH-17785,OFF-PA-10001846,79424,2017-09-25,First Class,9.248,2,0.2,3.3524,CA-2017-103520
BT-11440,OFF-BI-10002049,48227,2014-11-27,Standard Class,14.67,3,0.0,6.7482,CA-2014-139283
MM-17920,OFF-PA-10002947,43055,2014-01-18,Standard Class,37.408,7,0.2,13.0928,CA-2014-118192
MM-17920,OFF-BI-10003476,43055,2014-01-18,Standard Class,3.438,2,0.7,-2.5212,CA-2014-118192
NM-18520,OFF-BI-10002609,10011,2016-06-06,Standard Class,7.152,3,0.2,2.3244,CA-2016-168844
NM-18520,TEC-PH-10003215,10011,2016-06-06,Standard Class,179.7,6,0.0,88.053,CA-2016-168844
MH-17455,OFF-AP-10004785,55407,2017-02-17,Standard Class,90.64,8,0.0,38.9752,CA-2017-154809
TC-21295,TEC-AC-10000865,2149,2014-10-17,First Class,177.0,3,0.0,30.09,CA-2014-151330
TC-21295,OFF-ST-10000615,2149,2014-10-17,First Class,79.45,7,0.0,22.246,CA-2014-151330
TC-21295,FUR-CH-10000749,2149,2014-10-17,First Class,1628.82,9,0.0,260.6112,CA-2014-151330
MH-17785,FUR-FU-10003553,98105,2014-11-25,Standard Class,137.54,2,0.0,55.016,CA-2014-124702
MH-17785,FUR-TA-10003008,98105,2014-11-25,Standard Class,730.2,4,0.0,94.926,CA-2014-124702
EP-13915,OFF-PA-10001846,90032,2017-11-15,Second Class,11.56,2,0.0,5.6644,US-2017-125808
JH-15985,FUR-TA-10000198,28027,2015-01-31,Second Class,4297.644,13,0.4,-1862.3124,CA-2015-116638
CM-12715,OFF-AR-10000390,98103,2014-03-12,Standard Class,20.65,5,0.0,9.499,CA-2014-104563
CM-12715,OFF-ST-10000934,98103,2014-03-12,Standard Class,204.9,5,0.0,0.0,CA-2014-104563
CM-12715,FUR-CH-10002780,98103,2014-03-12,Standard Class,436.704,6,0.2,21.8352,CA-2014-104563
CM-12715,FUR-CH-10004495,98103,2014-03-12,Standard Class,481.568,2,0.2,54.1764,CA-2014-104563
FO-14305,TEC-AC-10002006,85301,2017-06-13,Standard Class,89.544,7,0.2,12.3123,US-2017-107979
FO-14305,OFF-ST-10002485,85301,2017-06-13,Standard Class,35.168,2,0.2,-8.3524,US-2017-107979
FO-14305,OFF-BI-10000778,85301,2017-06-13,Standard Class,72.588,2,0.7,-48.392,US-2017-107979
MW-18220,OFF-ST-10000877,55433,2014-11-24,Standard Class,221.16,4,0.0,57.5016,CA-2014-150518
MW-18220,TEC-PH-10002103,55433,2014-11-24,Standard Class,281.97,3,0.0,78.9516,CA-2014-150518
MS-17365,FUR-BO-10002213,90045,2016-11-30,Standard Class,3406.664,8,0.15,160.3136,CA-2016-107104
MS-17365,OFF-AR-10004269,90045,2016-11-30,Standard Class,37.17,9,0.0,10.4076,CA-2016-107104
MS-17365,OFF-AP-10000055,90045,2016-11-30,Standard Class,64.96,2,0.0,19.488,CA-2016-107104
MS-17365,FUR-FU-10002937,90045,2016-11-30,Standard Class,595.38,6,0.0,297.69,CA-2016-107104
HP-14815,TEC-AC-10001874,85705,2017-01-27,Standard Class,95.984,2,0.2,11.998,CA-2017-161893
HP-14815,OFF-BI-10004506,85705,2017-01-27,Standard Class,4.938,2,0.7,-3.6212,CA-2017-161893
AS-10090,FUR-FU-10001876,10035,2014-09-29,Standard Class,97.44,3,0.0,35.0784,CA-2014-156160
AS-10090,OFF-BI-10003355,10035,2014-09-29,Standard Class,3.984,1,0.2,1.3944,CA-2014-156160
AS-10090,OFF-AR-10003876,10035,2014-09-29,Standard Class,13.04,4,0.0,5.7376,CA-2014-156160
AS-10090,FUR-CH-10004983,10035,2014-09-29,Standard Class,579.528,4,0.1,83.7096,CA-2014-156160
CS-12505,OFF-LA-10001982,91767,2014-03-30,Second Class,18.75,5,0.0,9.0,CA-2014-100860
ME-17320,TEC-PH-10001459,93101,2016-06-11,Standard Class,3023.928,9,0.2,226.7946,CA-2016-160717
ME-17320,TEC-AC-10002134,93101,2016-06-11,Standard Class,26.96,2,0.0,3.7744,CA-2016-160717
ME-17320,TEC-PH-10001760,93101,2016-06-11,Standard Class,477.6,3,0.2,161.19,CA-2016-160717
MS-17770,OFF-ST-10001511,94109,2017-09-05,Standard Class,193.95,3,0.0,9.6975,CA-2017-132619
KH-16690,OFF-PA-10003953,92503,2015-12-07,Same Day,12.96,2,0.0,6.2208,US-2015-120957
LC-16885,FUR-FU-10003268,90049,2017-11-20,Standard Class,119.94,3,0.0,23.988,CA-2017-157448
LC-16885,FUR-FU-10001847,90049,2017-11-20,Standard Class,12.42,3,0.0,4.4712,CA-2017-157448
AF-10870,OFF-BI-10002764,92672,2016-04-27,Standard Class,18.088,7,0.2,6.5569,CA-2016-126270
AF-10870,OFF-EN-10004386,92672,2016-04-27,Standard Class,71.97,3,0.0,35.985,CA-2016-126270
AH-10465,OFF-LA-10001569,35601,2017-04-06,Standard Class,14.94,3,0.0,6.8724,CA-2017-145275
GK-14620,OFF-AR-10001446,27405,2015-08-15,First Class,64.68,7,0.2,8.085,CA-2015-133396
KL-16645,TEC-PH-10003442,94568,2017-11-19,Standard Class,22.0,5,0.2,1.375,US-2017-140312
FM-14290,OFF-PA-10000477,19143,2016-12-28,Standard Class,7.968,2,0.2,2.6892,CA-2016-114867
FM-14290,TEC-PH-10002645,19143,2016-12-28,Standard Class,1499.97,5,0.4,-374.9925,CA-2016-114867
JL-15850,OFF-ST-10003123,77095,2014-07-24,Second Class,26.632,1,0.2,1.3316,US-2014-164644
GM-14500,FUR-FU-10001617,93309,2016-05-10,Standard Class,41.6,4,0.0,14.144,CA-2016-137393
MC-17635,OFF-EN-10003862,47374,2014-12-03,Standard Class,64.02,6,0.0,29.4492,US-2014-120175
CS-12490,OFF-AR-10001573,10009,2016-04-23,Standard Class,6.99,3,0.0,2.0271,CA-2016-144785
CS-12490,OFF-SU-10004290,10009,2016-04-23,Standard Class,6.84,1,0.0,1.8468,CA-2016-144785
AH-10030,OFF-ST-10000046,94122,2015-12-31,Standard Class,323.1,2,0.0,61.389,CA-2015-130113
AH-10030,TEC-PH-10003505,94122,2015-12-31,Standard Class,668.16,9,0.2,75.168,CA-2015-130113
EP-13915,OFF-LA-10004559,94122,2017-12-18,Standard Class,8.64,3,0.0,4.2336,CA-2017-122770
EP-13915,OFF-PA-10003172,94122,2017-12-18,Standard Class,38.88,6,0.0,18.6624,CA-2017-122770
EP-13915,FUR-FU-10001473,94122,2017-12-18,Standard Class,201.04,8,0.0,54.2808,CA-2017-122770
EP-13915,OFF-PA-10000232,94122,2017-12-18,Standard Class,12.96,2,0.0,6.3504,CA-2017-122770
FW-14395,TEC-AC-10000682,90032,2017-01-04,Second Class,16.59,1,0.0,5.8065,CA-2017-118668
KA-16525,OFF-AR-10003405,92037,2017-06-03,Standard Class,35.1,6,0.0,10.179,CA-2017-116498
SC-20050,OFF-BI-10000301,76017,2017-10-06,Standard Class,11.646,9,0.8,-17.469,US-2017-130603
PG-18895,OFF-PA-10001534,23223,2017-06-27,Standard Class,32.4,5,0.0,15.552,US-2017-135986
PG-18895,TEC-PH-10003691,23223,2017-06-27,Standard Class,503.96,4,0.0,125.99,US-2017-135986
TA-21385,OFF-AR-10001545,10035,2017-04-05,First Class,7.04,4,0.0,2.0416,CA-2017-140536
PO-18850,FUR-BO-10001811,77041,2015-11-17,Standard Class,613.9992,3,0.32,-18.0588,CA-2015-130183
SM-20950,OFF-ST-10001837,6824,2015-09-02,Standard Class,470.36,11,0.0,122.2936,CA-2015-107902
NK-18490,OFF-PA-10000551,94110,2017-09-28,Second Class,31.08,6,0.0,15.2292,CA-2017-130148
NK-18490,OFF-SU-10001574,94110,2017-09-28,Second Class,7.3,2,0.0,2.19,CA-2017-130148
SC-20695,OFF-AP-10002892,45503,2016-12-14,First Class,73.536,4,0.2,9.192,US-2016-151260
HK-14890,OFF-LA-10003930,48234,2014-06-15,Second Class,491.55,5,0.0,240.8595,CA-2014-144281
BT-11485,FUR-FU-10001037,19140,2016-03-11,Same Day,30.336,4,0.2,9.48,CA-2016-122511
KM-16660,OFF-PA-10004569,90301,2017-12-19,Standard Class,22.83,3,0.0,10.7301,CA-2017-154116
KM-16660,OFF-AP-10000027,90301,2017-12-19,Standard Class,54.32,4,0.0,16.296,CA-2017-154116
KM-16660,TEC-PH-10000675,90301,2017-12-19,Standard Class,196.776,3,0.2,14.7582,CA-2017-154116
SP-20920,OFF-FA-10003059,93405,2016-11-04,Standard Class,3.62,2,0.0,1.1946,CA-2016-105291
LB-16795,OFF-PA-10003256,19805,2017-08-04,Standard Class,11.54,1,0.0,5.5392,CA-2017-147032
LB-16795,OFF-BI-10003656,19805,2017-08-04,Standard Class,849.95,5,0.0,390.977,CA-2017-147032
LB-16795,OFF-BI-10002897,19805,2017-08-04,Standard Class,11.01,3,0.0,5.3949,CA-2017-147032
JS-16030,OFF-BI-10004826,94122,2017-10-23,Standard Class,39.624,3,0.2,13.8684,CA-2017-125990
CS-11950,FUR-CH-10004626,90045,2016-10-27,Standard Class,242.136,3,0.2,12.1068,CA-2016-161746
CS-11950,OFF-AR-10000390,90045,2016-10-27,Standard Class,12.39,3,0.0,5.6994,CA-2016-161746
CS-11950,FUR-FU-10003731,90045,2016-10-27,Standard Class,19.96,2,0.0,5.5888,CA-2016-161746
CS-11950,OFF-ST-10002743,90045,2016-10-27,Standard Class,340.92,3,0.0,3.4092,CA-2016-161746
MD-17350,FUR-FU-10001468,19143,2014-11-10,Standard Class,273.568,2,0.2,-34.196,CA-2014-114251
MD-17350,OFF-BI-10003684,19143,2014-11-10,Standard Class,13.194,2,0.7,-8.796,CA-2014-114251
MD-17350,OFF-ST-10003716,19143,2014-11-10,Standard Class,1080.096,6,0.2,-94.5084,CA-2014-114251
MD-17350,TEC-AC-10001101,19143,2014-11-10,Standard Class,51.56,5,0.2,-6.445,CA-2014-114251
MD-17350,TEC-AC-10004864,19143,2014-11-10,Standard Class,58.416,2,0.2,16.7946,CA-2014-114251
LD-17005,OFF-BI-10001543,94122,2016-11-12,Standard Class,57.584,2,0.2,20.1544,CA-2016-116379
DB-13270,OFF-AR-10000914,19134,2016-08-14,Second Class,37.312,4,0.2,2.7984,US-2016-144477
AT-10735,TEC-PH-10002293,77041,2016-05-31,Same Day,79.96,5,0.2,7.996,CA-2016-108210
AT-10735,TEC-AC-10000109,77041,2016-05-31,Same Day,223.96,5,0.2,11.198,CA-2016-108210
DK-13375,OFF-ST-10002574,17602,2017-11-14,Second Class,221.024,2,0.2,-55.256,CA-2017-166835
CS-12250,FUR-FU-10002445,54302,2016-09-26,Standard Class,18.96,2,0.0,7.584,CA-2016-119641
JF-15565,FUR-CH-10001802,10024,2016-02-20,Standard Class,326.646,3,0.1,39.9234,CA-2016-105781
JF-15565,TEC-AC-10003628,10024,2016-02-20,Standard Class,89.97,3,0.0,39.5868,CA-2016-105781
TW-21025,OFF-BI-10003984,10011,2014-12-26,Standard Class,296.712,13,0.2,100.1403,CA-2014-101364
TB-21250,OFF-EN-10004459,61701,2015-12-11,Standard Class,12.224,2,0.2,4.4312,CA-2015-117898
SC-20380,TEC-AC-10001109,83704,2017-09-20,First Class,89.97,3,0.0,37.7874,CA-2017-142293
KM-16720,OFF-AP-10001293,1852,2017-12-04,First Class,286.86,7,0.0,80.3208,CA-2017-167395
KM-16720,TEC-PH-10004977,1852,2017-12-04,First Class,979.95,5,0.0,284.1855,CA-2017-167395
KM-16720,OFF-SU-10001935,1852,2017-12-04,First Class,4.36,2,0.0,0.1744,CA-2017-167395
EB-14170,OFF-BI-10001308,98115,2014-10-04,Standard Class,10.048,2,0.2,3.14,CA-2014-111962
EB-14170,OFF-ST-10000046,98115,2014-10-04,Standard Class,807.75,5,0.0,153.4725,CA-2014-111962
JE-15715,OFF-AR-10003504,90049,2017-11-19,Standard Class,34.24,8,0.0,9.9296,CA-2017-124261
NC-18535,FUR-CH-10001797,23666,2014-08-25,Standard Class,500.24,13,0.0,145.0696,CA-2014-114321
NC-18535,OFF-PA-10000246,23666,2014-08-25,Standard Class,20.12,2,0.0,9.2552,CA-2014-114321
NC-18535,OFF-BI-10001359,23666,2014-08-25,Standard Class,896.99,1,0.0,421.5853,CA-2014-114321
AD-10180,OFF-PA-10001583,19134,2014-11-22,Second Class,5.88,1,0.2,1.9845,CA-2014-128062
NF-18475,TEC-PH-10004667,68104,2015-07-03,Standard Class,269.98,2,0.0,72.8946,US-2015-100069
KD-16615,OFF-ST-10002615,90032,2017-03-21,Standard Class,310.12,2,0.0,80.6312,CA-2017-129294
KD-16615,OFF-BI-10004236,90032,2017-03-21,Standard Class,70.464,6,0.2,22.9008,CA-2017-129294
KD-16615,OFF-BI-10001757,90032,2017-03-21,Standard Class,19.68,5,0.2,6.888,CA-2017-129294
KD-16615,OFF-AP-10001154,90032,2017-03-21,Standard Class,140.67,3,0.0,54.8613,CA-2017-129294
QJ-19255,FUR-BO-10004834,5408,2015-11-12,Standard Class,4404.9,5,0.0,1013.127,CA-2015-117086
EP-13915,OFF-LA-10001074,92037,2017-12-02,Standard Class,62.65,5,0.0,29.4455,CA-2017-131303
JJ-15445,OFF-LA-10001641,19711,2016-06-22,Standard Class,9.45,3,0.0,4.536,CA-2016-137127
BE-11410,OFF-EN-10002230,60505,2017-01-25,Standard Class,268.576,4,0.2,90.6444,CA-2017-141782
BP-11290,FUR-TA-10000617,90008,2017-11-24,Same Day,364.08,2,0.2,9.102,CA-2017-137505
BP-11290,FUR-TA-10001676,90008,2017-11-24,Same Day,71.088,2,0.2,-1.7772,CA-2017-137505
BH-11710,FUR-FU-10000175,60653,2014-11-15,Standard Class,10.984,2,0.6,-7.9634,US-2014-140914
BH-11710,FUR-CH-10003379,60653,2014-11-15,Standard Class,797.944,4,0.3,-56.996,US-2014-140914
EM-13810,TEC-AC-10002567,3820,2016-03-08,Standard Class,159.98,2,0.0,57.5928,CA-2016-158358
EP-13915,OFF-AR-10003183,60610,2016-10-15,Standard Class,5.344,2,0.2,0.668,CA-2016-113390
EP-13915,OFF-AR-10001446,60610,2016-10-15,Standard Class,27.72,3,0.2,3.465,CA-2016-113390
NZ-18565,OFF-BI-10000145,98115,2016-07-02,First Class,2.496,1,0.2,0.9048,US-2016-158680
LC-16870,OFF-LA-10000476,23223,2017-03-29,Second Class,8.26,2,0.0,3.7996,CA-2017-113705
LC-16870,OFF-BI-10001679,23223,2017-03-29,Second Class,17.76,2,0.0,8.88,CA-2017-113705
LC-16870,OFF-ST-10001128,23223,2017-03-29,Second Class,332.94,3,0.0,9.9882,CA-2017-113705
LC-16870,FUR-TA-10002533,23223,2017-03-29,Second Class,292.1,2,0.0,58.42,CA-2017-113705
LC-16870,TEC-PH-10004006,23223,2017-03-29,Second Class,206.1,5,0.0,55.647,CA-2017-113705
LC-16870,OFF-PA-10002615,23223,2017-03-29,Second Class,17.64,4,0.0,8.1144,CA-2017-113705
SF-20965,FUR-CH-10001854,94109,2016-11-05,Standard Class,1403.92,5,0.2,70.196,CA-2016-146913
KM-16375,OFF-AR-10000657,72762,2017-11-08,Standard Class,4.3,2,0.0,1.419,CA-2017-159135
ML-17395,TEC-AC-10000736,98103,2014-02-18,Standard Class,239.97,3,0.0,86.3892,CA-2014-121762
ML-17395,OFF-AP-10001293,98103,2014-02-18,Standard Class,81.96,2,0.0,22.9488,CA-2014-121762
ML-17395,OFF-SU-10000157,98103,2014-02-18,Standard Class,238.62,2,0.0,4.7724,CA-2014-121762
MC-18100,TEC-PH-10000215,90036,2014-06-23,Standard Class,139.8,5,0.2,12.2325,CA-2014-123855
DB-13660,OFF-BI-10001757,6457,2017-03-06,Standard Class,9.84,2,0.0,4.7232,CA-2017-101959
DB-13660,OFF-PA-10002137,6457,2017-03-06,Standard Class,7.78,1,0.0,3.501,CA-2017-101959
LW-17215,OFF-BI-10000088,49505,2017-12-15,Standard Class,54.9,5,0.0,26.901,CA-2017-102659
TC-21535,OFF-PA-10000380,94122,2017-12-14,Standard Class,50.04,6,0.0,25.02,CA-2017-142328
SC-20050,FUR-BO-10001619,33012,2016-11-30,Standard Class,339.92,5,0.2,8.498,CA-2016-123533
SC-20050,OFF-PA-10001609,33012,2016-11-30,Standard Class,10.528,4,0.2,3.4216,CA-2016-123533
SC-20050,OFF-AP-10002765,33012,2016-11-30,Standard Class,42.384,2,0.2,4.2384,CA-2016-123533
FM-14215,OFF-PA-10000167,19143,2016-07-03,Same Day,123.92,5,0.2,38.725,CA-2016-104983
PF-19225,TEC-PH-10004434,30318,2016-07-03,Standard Class,135.95,1,0.0,39.4255,CA-2016-160234
LF-17185,OFF-BI-10004995,78207,2014-07-30,Standard Class,2177.584,8,0.8,-3701.8928,CA-2014-169019
LF-17185,FUR-FU-10004666,78207,2014-07-30,Standard Class,17.496,3,0.6,-10.0602,CA-2014-169019
LF-17185,OFF-BI-10001524,78207,2014-07-30,Standard Class,16.784,4,0.8,-26.8544,CA-2014-169019
LF-17185,TEC-AC-10002076,78207,2014-07-30,Standard Class,431.136,9,0.2,-26.946,CA-2014-169019
LF-17185,OFF-BI-10001679,78207,2014-07-30,Standard Class,8.88,5,0.8,-13.32,CA-2014-169019
LF-17185,OFF-AP-10003281,78207,2014-07-30,Standard Class,4.836,2,0.8,-12.09,CA-2014-169019
CL-12565,TEC-PH-10001944,11561,2016-09-18,Standard Class,437.85,3,0.0,131.355,CA-2016-153178
CL-12565,OFF-BI-10004390,11561,2016-09-18,Standard Class,673.568,2,0.2,252.588,CA-2016-153178
EM-13825,OFF-PA-10002120,7501,2015-06-02,Second Class,274.8,5,0.0,134.652,CA-2015-149748
EM-13825,OFF-ST-10004340,7501,2015-06-02,Second Class,62.18,1,0.0,16.7886,CA-2015-149748
EM-13825,FUR-FU-10001847,7501,2015-06-02,Second Class,8.28,2,0.0,2.9808,CA-2015-149748
ME-17725,OFF-BI-10000962,40214,2015-05-13,Standard Class,48.81,3,0.0,23.9169,CA-2015-155635
BG-11035,FUR-CH-10004754,23666,2014-11-05,Same Day,149.9,5,0.0,40.473,US-2014-114377
CJ-12010,FUR-BO-10001811,77070,2017-04-01,Standard Class,1023.332,5,0.32,-30.098,CA-2017-144491
CJ-12010,FUR-CH-10004063,77070,2017-04-01,Standard Class,600.558,3,0.3,-8.5794,CA-2017-144491
CJ-12010,TEC-AC-10004901,77070,2017-04-01,Standard Class,39.992,1,0.2,6.9986,CA-2017-144491
CJ-12010,FUR-CH-10001714,77070,2017-04-01,Standard Class,211.246,2,0.3,-66.3916,CA-2017-144491
KH-16360,OFF-EN-10003134,77070,2014-05-23,Second Class,56.064,6,0.2,21.024,CA-2014-127166
KH-16360,FUR-CH-10003396,77070,2014-05-23,Second Class,107.772,2,0.3,-29.2524,CA-2014-127166
KH-16360,OFF-PA-10001560,77070,2014-05-23,Second Class,4.832,1,0.2,1.6308,CA-2014-127166
KH-16360,OFF-BI-10000977,77070,2014-05-23,Second Class,18.24,3,0.8,-31.008,CA-2014-127166
SH-19975,OFF-BI-10003429,60610,2016-05-28,Standard Class,3.798,3,0.8,-5.8869,CA-2016-125920
CS-12490,OFF-AR-10001374,43615,2015-01-17,Standard Class,10.368,2,0.2,1.5552,CA-2015-128608
CS-12490,TEC-PH-10004977,43615,2015-01-17,Standard Class,235.188,2,0.4,-43.1178,CA-2015-128608
CS-12490,TEC-PH-10000912,43615,2015-01-17,Standard Class,26.376,4,0.4,2.6376,CA-2015-128608
CS-12490,TEC-AC-10000487,43615,2015-01-17,Standard Class,10.384,2,0.2,2.2066,CA-2015-128608
CS-12490,TEC-PH-10002262,43615,2015-01-17,Standard Class,107.118,3,0.4,-21.4236,CA-2015-128608
JK-15730,OFF-SU-10000898,95240,2017-10-06,Standard Class,97.3,7,0.0,28.217,CA-2017-137918
PJ-19015,OFF-BI-10004182,10024,2015-07-20,Second Class,3.328,2,0.2,1.2064,CA-2015-122973
PJ-19015,TEC-PH-10002468,10024,2015-07-20,Second Class,135.99,1,0.0,36.7173,CA-2015-122973
PJ-19015,FUR-FU-10002364,10024,2015-07-20,Second Class,7.38,1,0.0,2.1402,CA-2015-122973
AP-10720,FUR-FU-10002878,33311,2016-10-26,Standard Class,45.568,2,0.2,9.6832,CA-2016-136322
AP-10720,OFF-BI-10004817,33311,2016-10-26,Standard Class,28.752,8,0.7,-21.0848,CA-2016-136322
JW-15955,FUR-CH-10001146,27604,2017-08-01,Second Class,194.848,4,0.2,12.178,CA-2017-107209
PT-19090,OFF-BI-10001116,60623,2017-07-26,Standard Class,2.112,2,0.8,-3.3792,CA-2017-145093
TB-21595,OFF-PA-10000304,97206,2014-11-11,Second Class,25.92,5,0.2,9.072,US-2014-139640
TB-21595,OFF-AR-10002240,97206,2014-11-11,Second Class,120.768,4,0.2,9.0576,US-2014-139640
CB-12025,OFF-PA-10001246,7017,2016-11-30,First Class,25.92,4,0.0,12.4416,CA-2016-117583
CB-12025,OFF-AR-10000658,7017,2016-11-30,First Class,34.65,3,0.0,9.702,CA-2016-117583
CB-12025,OFF-PA-10000100,7017,2016-11-30,First Class,204.95,5,0.0,100.4255,CA-2016-117583
CB-12025,OFF-BI-10004233,7017,2016-11-30,First Class,79.95,5,0.0,38.376,CA-2016-117583
AG-10495,OFF-PA-10002581,33710,2015-06-12,Standard Class,173.488,7,0.2,54.215,CA-2015-162201
AG-10495,OFF-ST-10000046,33710,2015-06-12,Standard Class,516.96,4,0.2,-6.462,CA-2015-162201
AG-10495,FUR-FU-10001185,33710,2015-06-12,Standard Class,173.208,7,0.2,45.4671,CA-2015-162201
AG-10495,OFF-AR-10003856,33710,2015-06-12,Standard Class,4.448,2,0.2,0.3336,CA-2015-162201
AG-10495,OFF-LA-10001982,33710,2015-06-12,Standard Class,9.0,3,0.2,3.15,CA-2015-162201
AG-10495,OFF-PA-10001215,33710,2015-06-12,Standard Class,42.24,10,0.2,13.2,CA-2015-162201
AG-10495,OFF-BI-10002429,33710,2015-06-12,Standard Class,18.264,2,0.7,-13.3936,CA-2015-162201
BD-11605,OFF-AP-10003287,94122,2014-08-19,Standard Class,152.91,3,0.0,42.8148,US-2014-164406
BD-11605,OFF-PA-10000167,94122,2014-08-19,Standard Class,92.94,3,0.0,41.823,US-2014-164406
BD-11605,OFF-BI-10002309,94122,2014-08-19,Standard Class,17.856,4,0.2,6.2496,US-2014-164406
BD-11605,OFF-BI-10003638,94122,2014-08-19,Standard Class,46.44,3,0.2,15.093,US-2014-164406
BD-11605,FUR-CH-10003833,94122,2014-08-19,Standard Class,195.136,4,0.2,-12.196,US-2014-164406
JS-15685,OFF-ST-10001511,10035,2017-06-26,Standard Class,129.3,2,0.0,6.465,CA-2017-169999
JS-15685,OFF-BI-10004728,10035,2017-06-26,Standard Class,11.568,3,0.2,3.7596,CA-2017-169999
NF-18385,FUR-CH-10004218,28205,2017-07-23,Standard Class,242.352,3,0.2,15.147,US-2017-152842
SC-20305,TEC-AC-10004171,77705,2014-12-18,Second Class,319.968,4,0.2,95.9904,CA-2014-113257
SC-20305,FUR-FU-10001706,77705,2014-12-18,Second Class,8.624,7,0.6,-2.5872,CA-2014-113257
GA-14515,OFF-PA-10001526,75220,2014-05-22,Second Class,3.984,1,0.2,1.4442,CA-2014-133963
CY-12745,TEC-AC-10002001,45503,2017-09-19,Standard Class,895.944,7,0.2,190.3881,CA-2017-130302
WB-21850,FUR-FU-10004963,77571,2016-10-12,First Class,14.0,4,0.6,-6.3,CA-2016-126627
WB-21850,OFF-BI-10001597,77571,2016-10-12,First Class,16.392,2,0.8,-26.2272,CA-2016-126627
DL-12865,OFF-PA-10000141,90805,2016-10-01,Standard Class,10.9,5,0.0,5.123,US-2016-125402
DL-12865,OFF-LA-10003923,90805,2016-10-01,Standard Class,29.6,2,0.0,14.8,US-2016-125402
DL-12865,OFF-LA-10001771,90805,2016-10-01,Standard Class,4.98,1,0.0,2.2908,US-2016-125402
DL-12865,TEC-CO-10001943,90805,2016-10-01,Standard Class,479.976,3,0.2,161.9919,US-2016-125402
DL-12865,TEC-PH-10003356,90805,2016-10-01,Standard Class,44.736,8,0.2,4.4736,US-2016-125402
DL-12865,OFF-AR-10002255,90805,2016-10-01,Standard Class,5.76,2,0.0,1.6704,US-2016-125402
DL-12865,FUR-CH-10000665,90805,2016-10-01,Standard Class,483.136,4,0.2,60.392,US-2016-125402
RE-19450,OFF-LA-10001771,62521,2014-06-06,First Class,15.936,4,0.2,5.1792,CA-2014-163867
RE-19450,FUR-FU-10001475,62521,2014-06-06,First Class,61.544,7,0.6,-40.0036,CA-2014-163867
RE-19450,OFF-ST-10000877,62521,2014-06-06,First Class,132.696,3,0.2,9.9522,CA-2014-163867
MH-17290,OFF-AP-10001492,90008,2017-09-04,Second Class,43.1,5,0.0,11.206,CA-2017-169327
MH-17290,FUR-FU-10004188,90008,2017-09-04,Second Class,511.5,5,0.0,132.99,CA-2017-169327
MH-17290,OFF-BI-10004330,90008,2017-09-04,Second Class,147.92,5,0.2,46.225,CA-2017-169327
EH-13765,OFF-AR-10002987,95240,2014-04-18,Standard Class,39.68,2,0.0,16.2688,CA-2014-142979
EH-13765,FUR-FU-10000732,10009,2016-05-06,Standard Class,12.56,2,0.0,4.0192,CA-2016-158155
EH-13765,OFF-BI-10001670,10009,2016-05-06,Standard Class,90.48,3,0.2,33.93,CA-2016-158155
EH-13765,OFF-PA-10000533,10009,2016-05-06,Standard Class,13.08,2,0.0,6.0168,CA-2016-158155
EH-13765,FUR-FU-10002253,10009,2016-05-06,Standard Class,214.7,5,0.0,83.733,CA-2016-158155
GA-14515,FUR-FU-10002396,94109,2017-06-23,Standard Class,50.32,4,0.0,21.1344,CA-2017-138870
GA-14515,OFF-PA-10004438,94109,2017-06-23,Standard Class,24.56,2,0.0,11.5432,CA-2017-138870
GA-14515,OFF-PA-10000587,31907,2014-11-11,Standard Class,43.68,6,0.0,20.9664,CA-2014-120950
EB-13840,FUR-TA-10001889,98103,2015-03-30,Standard Class,3393.68,8,0.0,610.8624,CA-2015-164301
HR-14770,OFF-ST-10001590,47374,2017-01-20,Standard Class,67.4,5,0.0,17.524,CA-2017-113278
HR-14770,OFF-FA-10003472,47374,2017-01-20,Standard Class,2.52,2,0.0,0.1008,CA-2017-113278
HR-14770,TEC-PH-10000169,47374,2017-01-20,Standard Class,67.8,4,0.0,1.356,CA-2017-113278
HR-14770,OFF-ST-10002562,47374,2017-01-20,Standard Class,18.76,2,0.0,5.2528,CA-2017-113278
HR-14770,TEC-AC-10001445,47374,2017-01-20,Standard Class,12.12,4,0.0,2.5452,CA-2017-113278
HR-14770,OFF-PA-10004156,47374,2017-01-20,Standard Class,11.34,1,0.0,5.5566,CA-2017-113278
HR-14770,TEC-AC-10004469,47374,2017-01-20,Standard Class,159.8,4,0.0,70.312,CA-2017-113278
HR-14770,FUR-FU-10001037,47374,2017-01-20,Standard Class,18.96,2,0.0,8.532,CA-2017-113278
SM-20950,OFF-ST-10002615,10009,2015-03-28,Second Class,1085.42,7,0.0,282.2092,US-2015-116981
SM-20950,OFF-AP-10000595,10009,2015-03-28,Second Class,13.11,3,0.0,3.4086,US-2015-116981
EA-14035,FUR-FU-10002253,45040,2014-11-03,First Class,68.704,2,0.2,16.3172,CA-2014-114195
EA-14035,OFF-BI-10000494,45040,2014-11-03,First Class,3.132,2,0.7,-2.61,CA-2014-114195
EA-14035,OFF-BI-10001658,45040,2014-11-03,First Class,22.428,3,0.7,-17.9424,CA-2014-114195
MH-17455,OFF-ST-10003208,60623,2017-10-06,Same Day,290.336,2,0.2,32.6628,CA-2017-146269
MH-17455,OFF-AR-10004790,60623,2017-10-06,Same Day,19.152,2,0.2,1.197,CA-2017-146269
SL-20155,OFF-PA-10004609,10024,2016-12-14,Standard Class,6.48,1,0.0,3.1104,CA-2016-100587
NP-18685,OFF-EN-10003055,44134,2016-09-24,Second Class,63.968,2,0.2,19.99,CA-2016-166653
RF-19840,OFF-SU-10003936,10035,2016-01-05,Standard Class,6.36,2,0.0,0.0636,CA-2015-130855
BE-11455,OFF-ST-10000078,44105,2017-04-21,First Class,848.544,4,0.2,-21.2136,US-2017-166324
BE-11455,OFF-BI-10000174,44105,2017-04-21,First Class,8.7,5,0.7,-6.38,US-2017-166324
BE-11455,TEC-PH-10004080,44105,2017-04-21,First Class,122.382,3,0.4,-24.4764,US-2017-166324
JK-15370,FUR-CH-10002961,10035,2016-08-25,Standard Class,573.174,7,0.1,63.686,CA-2016-122581
CC-12100,OFF-PA-10000474,44105,2015-05-31,First Class,85.056,3,0.2,28.7064,CA-2015-104297
LL-16840,OFF-BI-10000138,30188,2014-08-13,First Class,14.04,3,0.0,6.7392,CA-2014-153927
LL-16840,TEC-AC-10000023,30188,2014-08-13,First Class,272.61,13,0.0,98.1396,CA-2014-153927
KE-16420,OFF-EN-10001415,90008,2014-04-08,Standard Class,11.16,2,0.0,5.58,CA-2014-112291
KE-16420,TEC-AC-10001284,90008,2014-04-08,Standard Class,62.31,3,0.0,22.4316,CA-2014-112291
KE-16420,TEC-AC-10000736,90008,2014-04-08,Standard Class,159.98,2,0.0,57.5928,CA-2014-112291
SG-20605,OFF-FA-10003467,47905,2014-01-27,Standard Class,5.94,3,0.0,0.0,CA-2014-146997
CA-12265,OFF-PA-10000477,10024,2017-10-15,First Class,9.96,2,0.0,4.6812,CA-2017-169607
RD-19585,TEC-AC-10000736,13501,2015-08-12,Standard Class,79.99,1,0.0,28.7964,CA-2015-127544
VG-21805,OFF-AR-10002467,8701,2017-03-20,First Class,8.94,3,0.0,2.4138,CA-2017-166499
SH-19975,OFF-PA-10004996,53209,2016-07-28,Second Class,20.62,2,0.0,9.6914,US-2016-115441
SH-19975,TEC-AC-10003116,53209,2016-07-28,Second Class,124.25,7,0.0,48.4575,US-2016-115441
SH-19975,TEC-PH-10002262,53209,2016-07-28,Second Class,297.55,5,0.0,83.314,US-2016-115441
SH-19975,FUR-CH-10004626,53209,2016-07-28,Second Class,403.56,4,0.0,96.8544,US-2016-115441
SH-19975,FUR-FU-10001756,53209,2016-07-28,Second Class,95.2,5,0.0,27.608,US-2016-115441
MM-17920,TEC-AC-10004859,60623,2014-10-01,Standard Class,153.824,11,0.2,38.456,CA-2014-115049
JF-15415,OFF-PA-10001725,60653,2014-06-20,Second Class,62.016,2,0.2,22.4808,CA-2014-156342
LP-17095,FUR-FU-10004306,45014,2016-06-10,Standard Class,466.32,3,0.2,34.974,CA-2016-112830
LP-17095,FUR-FU-10004845,45014,2016-06-10,Standard Class,82.64,2,0.2,0.0,CA-2016-112830
MP-18175,FUR-TA-10000198,45503,2014-04-03,Standard Class,330.588,1,0.4,-143.2548,US-2014-117380
SC-20845,OFF-ST-10000036,80027,2017-08-25,Standard Class,237.096,3,0.2,20.7459,CA-2017-117646
SC-20845,FUR-FU-10001037,80027,2017-08-25,Standard Class,22.752,3,0.2,7.11,CA-2017-117646
SC-20845,OFF-PA-10001950,80027,2017-08-25,Standard Class,6.672,1,0.2,2.085,CA-2017-117646
DP-13000,FUR-FU-10004587,75007,2014-11-18,Standard Class,25.128,3,0.6,-6.9102,CA-2014-122609
DP-13000,TEC-AC-10002567,75007,2014-11-18,Standard Class,127.984,2,0.2,25.5968,CA-2014-122609
KD-16615,FUR-FU-10004973,92804,2015-09-15,First Class,131.88,7,0.0,55.3896,US-2015-129007
KD-16615,OFF-BI-10001628,92804,2015-09-15,First Class,25.032,3,0.2,7.8225,US-2015-129007
KD-16615,FUR-CH-10000155,92804,2015-09-15,First Class,717.72,3,0.2,71.772,US-2015-129007
KD-16615,FUR-FU-10002379,92804,2015-09-15,First Class,207.35,5,0.0,24.882,US-2015-129007
KD-16615,FUR-FU-10004018,92804,2015-09-15,First Class,44.67,3,0.0,12.0609,US-2015-129007
KD-16615,OFF-PA-10000994,92804,2015-09-15,First Class,209.7,2,0.0,100.656,US-2015-129007
RP-19855,OFF-BI-10002852,40475,2014-04-09,Standard Class,115.36,7,0.0,56.5264,US-2014-157231
KN-16390,FUR-CH-10001714,93101,2015-10-12,First Class,362.136,3,0.2,-54.3204,CA-2015-132388
KN-16390,OFF-LA-10000414,93101,2015-10-12,First Class,31.05,3,0.0,14.904,CA-2015-132388
TM-21010,OFF-PA-10003848,52302,2017-01-31,Second Class,12.96,2,0.0,6.2208,CA-2017-160927
TM-21010,OFF-PA-10000176,52302,2017-01-31,Second Class,94.85,5,0.0,45.528,CA-2017-160927
TM-21010,OFF-ST-10001590,52302,2017-01-31,Second Class,13.48,1,0.0,3.5048,CA-2017-160927
TM-21010,FUR-FU-10000010,52302,2017-01-31,Second Class,14.91,3,0.0,4.6221,CA-2017-160927
JF-15190,OFF-EN-10003055,10035,2015-09-29,Standard Class,39.98,1,0.0,17.991,CA-2015-105508
MY-18295,FUR-CH-10000863,77803,2016-03-19,Standard Class,528.43,5,0.3,-143.431,CA-2016-149272
MY-18295,OFF-BI-10004233,77803,2016-03-19,Standard Class,22.386,7,0.8,-35.8176,CA-2016-149272
AT-10435,OFF-BI-10003350,44312,2014-11-30,Standard Class,5.742,3,0.7,-4.5936,CA-2014-111360
JF-15490,TEC-AC-10001990,60653,2017-05-10,Standard Class,191.968,4,0.2,28.7952,US-2017-162124
DH-13075,OFF-BI-10003982,10035,2015-03-23,First Class,49.848,3,0.2,16.8237,CA-2015-159534
DH-13075,OFF-EN-10004386,10035,2015-03-23,First Class,23.99,1,0.0,11.995,CA-2015-159534
DH-13075,OFF-BI-10003656,10035,2015-03-23,First Class,1087.936,8,0.2,353.5792,CA-2015-159534
DH-13075,TEC-PH-10002310,10035,2015-03-23,First Class,199.98,2,0.0,53.9946,CA-2015-159534
DH-13075,OFF-ST-10001172,10035,2015-03-23,First Class,83.92,4,0.0,20.1408,CA-2015-159534
IM-15055,FUR-FU-10000260,94122,2016-09-04,Same Day,24.27,3,0.0,8.7372,CA-2016-129630
IM-15055,TEC-CO-10003763,94122,2016-09-04,Same Day,2799.96,5,0.2,944.9865,CA-2016-129630
KH-16510,OFF-BI-10001267,92404,2015-11-17,Standard Class,9.872,2,0.2,3.4552,CA-2015-104948
KH-16510,FUR-BO-10004357,92404,2015-11-17,Standard Class,683.332,4,0.15,-40.196,CA-2015-104948
KH-16510,OFF-PA-10004610,92404,2015-11-17,Standard Class,29.96,7,0.0,13.482,CA-2015-104948
JK-15205,TEC-PH-10004912,14304,2014-07-14,First Class,164.85,3,0.0,47.8065,CA-2014-166555
AS-10240,OFF-AP-10003278,19120,2016-04-12,Standard Class,33.528,3,0.2,2.5146,CA-2016-114405
AS-10240,OFF-ST-10001627,19120,2016-04-12,Standard Class,36.744,3,0.2,3.6744,CA-2016-114405
SC-20575,OFF-BI-10002735,2920,2017-06-28,Standard Class,102.93,3,0.0,48.3771,CA-2017-132955
CP-12340,FUR-TA-10001676,90049,2016-06-06,Second Class,71.088,2,0.2,-1.7772,CA-2016-164889
NS-18640,FUR-FU-10004864,10009,2016-12-17,Standard Class,60.35,5,0.0,19.9155,CA-2016-169824
NS-18640,OFF-SU-10000952,10009,2016-12-17,Standard Class,35.52,4,0.0,9.9456,CA-2016-169824
NS-18640,OFF-AR-10000462,10009,2016-12-17,Standard Class,11.2,7,0.0,4.816,CA-2016-169824
JL-15835,TEC-AC-10001772,94122,2017-11-30,Standard Class,223.58,14,0.0,87.1962,CA-2017-164028
MD-17350,OFF-ST-10001128,92804,2015-01-03,Standard Class,998.82,9,0.0,29.9646,CA-2014-143371
MD-17350,OFF-SU-10002537,92804,2015-01-03,Standard Class,51.15,5,0.0,13.299,CA-2014-143371
RD-19660,OFF-ST-10000419,98103,2015-04-17,Second Class,40.74,3,0.0,0.4074,CA-2015-145415
NH-18610,OFF-PA-10000327,19120,2014-03-06,Standard Class,3.424,1,0.2,1.07,CA-2014-111157
NH-18610,TEC-AC-10004353,19120,2014-03-06,Standard Class,151.2,3,0.2,32.13,CA-2014-111157
HW-14935,FUR-CH-10003746,46203,2017-06-03,Second Class,1925.88,6,0.0,539.2464,CA-2017-121559
HW-14935,OFF-AP-10002945,46203,2017-06-03,Second Class,2405.2,8,0.0,793.716,CA-2017-121559
HW-14935,TEC-AC-10004568,46203,2017-06-03,Second Class,83.97,3,0.0,15.9543,CA-2017-121559
HW-14935,TEC-AC-10001714,46203,2017-06-03,Second Class,39.89,1,0.0,14.7593,CA-2017-121559
HW-14935,OFF-BI-10002072,46203,2017-06-03,Second Class,17.38,2,0.0,8.69,CA-2017-121559
DB-12970,OFF-BI-10001153,90045,2015-12-16,Second Class,55.264,2,0.2,20.724,CA-2015-141593
DB-12970,OFF-PA-10004983,90045,2015-12-16,Second Class,6.48,1,0.0,3.1104,CA-2015-141593
DB-12970,OFF-BI-10000948,90045,2015-12-16,Second Class,34.248,3,0.2,11.5587,CA-2015-141593
DB-12970,FUR-TA-10002622,90045,2015-12-16,Second Class,273.568,2,0.2,10.2588,CA-2015-141593
KN-16705,OFF-PA-10001776,10801,2014-11-17,Standard Class,46.35,5,0.0,21.7845,US-2014-143287
KN-16705,OFF-PA-10004039,10801,2014-11-17,Standard Class,223.92,4,0.0,109.7208,US-2014-143287
KN-16705,OFF-SU-10001574,10801,2014-11-17,Standard Class,7.3,2,0.0,2.19,US-2014-143287
AJ-10945,OFF-AR-10001761,85224,2017-10-11,Standard Class,9.344,2,0.2,1.8688,CA-2017-137421
CL-12700,TEC-AC-10002305,41042,2017-09-18,Second Class,18.0,1,0.0,3.24,CA-2017-141446
CM-12655,OFF-PA-10000675,77041,2015-03-22,First Class,65.584,2,0.2,23.7742,CA-2015-168088
CM-12655,FUR-BO-10004218,77041,2015-03-22,First Class,383.4656,4,0.32,-67.6704,CA-2015-168088
AS-10240,OFF-PA-10003072,19140,2015-07-26,Same Day,10.368,2,0.2,3.6288,CA-2015-143700
HE-14800,FUR-FU-10002671,19711,2016-12-10,Second Class,13.4,1,0.0,6.432,CA-2016-146374
HE-14800,OFF-PA-10000349,19711,2016-12-10,Second Class,4.98,1,0.0,2.3406,CA-2016-146374
HE-14800,OFF-EN-10004483,19711,2016-12-10,Second Class,109.69,7,0.0,51.5543,CA-2016-146374
RB-19435,OFF-BI-10004209,7060,2017-12-17,Standard Class,40.2,5,0.0,18.09,CA-2017-153871
RB-19435,OFF-BI-10004600,7060,2017-12-17,Standard Class,735.98,2,0.0,331.191,CA-2017-153871
RB-19435,OFF-AP-10003622,7060,2017-12-17,Standard Class,22.75,7,0.0,6.5975,CA-2017-153871
MP-17470,OFF-BI-10002867,30080,2015-07-02,Standard Class,119.56,2,0.0,54.9976,CA-2015-103772
MP-17470,OFF-AR-10000538,30080,2015-07-02,Standard Class,140.75,5,0.0,42.225,CA-2015-103772
RC-19960,OFF-EN-10000056,77041,2016-09-17,Standard Class,99.568,2,0.2,33.6042,CA-2016-130225
AP-10720,TEC-PH-10004080,90032,2016-12-10,Standard Class,271.96,5,0.2,27.196,US-2016-103674
AP-10720,OFF-AR-10004752,90032,2016-12-10,Standard Class,18.69,7,0.0,5.2332,US-2016-103674
AP-10720,OFF-PA-10000743,90032,2016-12-10,Standard Class,13.36,2,0.0,6.4128,US-2016-103674
AP-10720,TEC-PH-10002496,90032,2016-12-10,Standard Class,249.584,2,0.2,31.198,US-2016-103674
AP-10720,OFF-FA-10003467,90032,2016-12-10,Standard Class,13.86,7,0.0,0.0,US-2016-103674
AP-10720,OFF-BI-10003727,90032,2016-12-10,Standard Class,13.376,4,0.2,4.6816,US-2016-103674
AP-10720,OFF-BI-10002026,90032,2016-12-10,Standard Class,437.472,14,0.2,153.1152,US-2016-103674
SW-20455,FUR-TA-10001039,70506,2015-09-09,Second Class,85.98,1,0.0,22.3548,US-2015-151435
TB-21055,OFF-LA-10004484,45014,2017-08-06,First Class,16.52,5,0.2,5.369,CA-2017-163566
RC-19960,OFF-PA-10002195,49505,2016-09-28,Standard Class,35.56,7,0.0,16.7132,US-2016-157728
RC-19960,TEC-PH-10001305,49505,2016-09-28,Standard Class,97.98,2,0.0,27.4344,US-2016-157728
DV-13465,OFF-LA-10003766,11561,2015-05-23,Standard Class,31.5,10,0.0,15.12,CA-2015-100251
DV-13465,OFF-SU-10000898,11561,2015-05-23,Standard Class,55.6,4,0.0,16.124,CA-2015-100251
ML-17410,TEC-AC-10003399,90008,2016-10-03,Standard Class,36.24,1,0.0,15.2208,CA-2016-125794
RA-19885,TEC-AC-10001539,30605,2017-11-21,Standard Class,79.99,1,0.0,28.7964,CA-2017-163629
RA-19885,TEC-PH-10004006,30605,2017-11-21,Standard Class,206.1,5,0.0,55.647,CA-2017-163629
TB-21400,FUR-FU-10001889,33180,2014-01-23,Second Class,25.248,3,0.2,4.1028,CA-2014-110422
DB-13060,FUR-FU-10000747,92627,2017-03-03,Standard Class,91.96,2,0.0,15.6332,CA-2017-121258
DB-13060,TEC-PH-10003645,92627,2017-03-03,Standard Class,258.576,2,0.2,19.3932,CA-2017-121258
DB-13060,OFF-PA-10004041,92627,2017-03-03,Standard Class,29.6,4,0.0,13.32,CA-2017-121258
CC-12220,OFF-AP-10002684,92683,2017-05-09,Second Class,243.16,2,0.0,72.948,CA-2017-119914